{"version":10,"hash":{"type":"Buffer","data":"Ch1tt3SnE0YrNoV51yw5+gTVenY/gjyK5ABqNeCPymP3YeAhwx/82FcZ0HXJAJACK3i1iA+N2OC6i2Oj6Rh0YGToC+2D43iVB1rMXGAQ16tNmCjrSJw25Bo5EwkfLtvfw4ToOvA7nbjJ+ChDJT5uiA5v8jQMxhzJ7Tto9vPBnbg="},"indexValueMap":{"RKSz1uCe8UyWNJoRNjBN1vTaFPmkfIiQjjau8yEMYoY=":{"valueMac":{"type":"Buffer","data":"9/yCT/SZU7blQuVF+TEaCsWLzIKniKiimLEyyhwOGGY="}},"RjZe70/WsYw6CHT8PVYF1TaGfZXICASrbyKwE+ZQKX4=":{"valueMac":{"type":"Buffer","data":"ujy9L+rC8IypFP0Dye31O7WXwCGyaLlM0h3EBmVI+HA="}},"S7s0NzUCzTrDQ1CBHASfUbaOTpoi2udqMrs6D2cx3Dc=":{"valueMac":{"type":"Buffer","data":"xZJpjOaGVtOfc3GYCjwcChQa5AeqI8on0rJOZzlli5I="}},"T56JLD4GxgHVPJQyx+Dy6ZWm4clLr3jYmgVO+B9qIX8=":{"valueMac":{"type":"Buffer","data":"lzi7vTxv0iiycjmNL1kR5wL3PlJ+KVmTm0rAqRPHiKs="}},"WTNL+Nf7/w14Oc2juwaJFUAAbtaUEXNVl7DyqFLDYGE=":{"valueMac":{"type":"Buffer","data":"STXsDOOM/3+2DT2WVj0AUpTfN4SPOZvY+nVJMTdJiZg="}},"e8jGkW5Bb6Bb5EkrCFuS/PkWnZf0t+ku1UPiCShLPoc=":{"valueMac":{"type":"Buffer","data":"V3ukySZXZQK/pUnPswt5uWRX5TelMkk70IGZJh1JfDc="}},"h+lcBvWG0JrgQsZcQyN3an6lCn89BXFd8QLLegy/1gQ=":{"valueMac":{"type":"Buffer","data":"iSVKkMalq5qfURBsydoN1hgxBxOuKRAoLCiRnreHv14="}},"pXGQVK5DrefvXmnu3uW2wid4lnRU3WfOyS5EWyWq+H4=":{"valueMac":{"type":"Buffer","data":"Gp0l2syKUoaaJwZUvacKxUYS9vR1VrQLybhWU3JE8dI="}},"tJld/5Oxs3sqe7uO+1CbznXZ0r0aERqNw/hQcE0GxYo=":{"valueMac":{"type":"Buffer","data":"Onupxh9dcGng9bCYk9rm0R2mlfikjRzEiLIIJAMLoh4="}},"xO3SnPIzUCWqRcZ6xyWUgIMI/GJteovJTIiP9fUnRMU=":{"valueMac":{"type":"Buffer","data":"9IMHOY1qOjq8U0lb2Xctyo7MU9jaO/QC1mLbt3oRHQE="}},"x2cQfVuMkN6mDFIs1wv1EqGTZuhGR9HnizfB/pTiO8I=":{"valueMac":{"type":"Buffer","data":"AYe6sSuTPq/zGYQgyBMImoZTQMHiSx5fZ4FgxbsokYQ="}},"2XpvBajZ7X/XWIprN5UU6AfuzfU6ovexkavXQ9w4sL0=":{"valueMac":{"type":"Buffer","data":"Jpqq1tipTn+/fUMF6q9bmTYGGoaGduvxHuqJfJgUJac="}},"5kXA4yuGL25Z1Gg0pmtT0AO+ym7xo00AcDESupOvM1I=":{"valueMac":{"type":"Buffer","data":"WdUKS9Wd5Ao9wHOoNysig5O9YmRd4STEmuM9hxBCvCo="}},"DYxWZi3FYYErTyzXj5GuTZfexeuh4NmZt97xbaVCXBQ=":{"valueMac":{"type":"Buffer","data":"HHGd9YZZOFL10pVIqSwq/sA50bo2t8jLxYJWOYTAQvU="}},"G2shVQBG3RfMiV753xvNYi5/fyGM4RHnzREhdLZZmms=":{"valueMac":{"type":"Buffer","data":"LSiHhDHXSibDjcKhN05uRQxyURX8O4Iny1qVQjFqu4k="}},"Mx1jJy+RATLN+ectjZ3VLAT7Leh26IXxdoK+q0ko4dI=":{"valueMac":{"type":"Buffer","data":"RDCRJYjMv5Zsbs41Jnjn62ALtgJ8CX7LE6foxfHpD1E="}}}}