{"version":3,"hash":{"type":"Buffer","data":"y23jzFYozz+1iekgGwRUxzSjh1pG/ntU8UnNRpIWp9oZSg0vUqZqCytkCYlslRYVqFrIFhRaIKVUWL1bmmwylSvr77QF26aStWzlGmm2ef/vrLUgf+t6faBWkmdLsbj5mrw+lg9O7CnDqlAggsmxR6r2zkb0Q+QS3LpW17mzlC0="},"indexValueMap":{"PEjzUwFCJVHOorWIsmmud+o3rjlfSFw7YCU7qkxjpYQ=":{"valueMac":{"type":"Buffer","data":"4PaewtClmK9gMo8SMzhTtb9YfcjSDnRujmdpx3Ur1vA="}},"PeS32hfJv3Rhupb+wr/mN08YlkrEpVZdIJPG945n3HQ=":{"valueMac":{"type":"Buffer","data":"N1C4vMSGJ6jTYBfC0lJoL2po/b/QuiVu3yu+/uoIfM0="}}}}