{"noiseKey":{"private":{"type":"Buffer","data":"gGvF8Kktja5g0l4PkKN0jr5bBJCo+RV8IlkK3nGMuF0="},"public":{"type":"Buffer","data":"1XozopT77kXVT+o9CcSmtce8K1HiFHJINKn/JP2Bt1k="}},"pairingEphemeralKeyPair":{"private":{"type":"Buffer","data":"SMbYro35SfaiAMHr5tyClkJrSN2vVxZ3l0IfytUO7mw="},"public":{"type":"Buffer","data":"JWAfFXjv9BJYzcDMXIrf/S5uXrq93m5gJj6jW1FDOVU="}},"signedIdentityKey":{"private":{"type":"Buffer","data":"yCVJZCZwA4BGJAuOKjzuhgiKqTCMrj+hPCTACUQiL0o="},"public":{"type":"Buffer","data":"Xu7+jQcdqJopoLSl6/uqI7bj8Qo/t+dHl9sPLF9pA1Q="}},"signedPreKey":{"keyPair":{"private":{"type":"Buffer","data":"6CMT96dyK5rtN8tGlGhQmiGYPm8/R6WWCFlwsjNhcHs="},"public":{"type":"Buffer","data":"V/WoKU3vWLsMdEgYDURwEJUy/LsKuDGsVyTRGCmXrxs="}},"signature":{"type":"Buffer","data":"1s8MPLPW2IHSkqnEm44VcXS0nRyLkphytJ2JSqEdzYXI1ebAML8uexJ2vw6jDRmrJwXv8n4MVyJXHCwcnvevAQ=="},"keyId":1},"registrationId":30,"advSecretKey":"Mhzq1IiwtcKLteUI4MEN47jSaSf3Ae8MN0T5tNHu5lU=","processedHistoryMessages":[{"key":{"remoteJid":"6285723701289@s.whatsapp.net","fromMe":true,"id":"2AE70159EDB7F2FE0675B07FD987BE27"},"messageTimestamp":1713490369},{"key":{"remoteJid":"6285723701289@s.whatsapp.net","fromMe":true,"id":"49EE467AA3C4DFF8071A41BF6A8747C4"},"messageTimestamp":1713490370}],"nextPreKeyId":31,"firstUnuploadedPreKeyId":31,"accountSyncCounter":1,"accountSettings":{"unarchiveChats":false},"deviceId":"wnRRaRVlQ-iZmHrfQtvAyQ","phoneId":"f8ea2b4f-7807-4052-8b45-ea27b2dffde3","identityId":{"type":"Buffer","data":"iCIU/FHk+Ch26me+Kh8AKlSpqeU="},"registered":false,"backupToken":{"type":"Buffer","data":"+hWuNvkfB44KnqeQbWKZr82xvSg="},"registration":{},"account":{"details":"CJ+YqycQu5OHsQYYASAAKAA=","accountSignatureKey":"dCghPnNaWXesPhceWTzs/JHAj649daNM157zvCvwakI=","accountSignature":"AnLdhgOZaArg3Q+K6/7FBjTjNmgogmPfZJ/Hf4UTvc+AInd2bIlKUI01BjAjRreqYeWMM2xdqpDzXGfVNquNBw==","deviceSignature":"hiY2/gFqdi/6WTz4dBUOiVHGTC8Y2fHKsssilpTYGmvvlsF8tjiGo1guqYUuZpid87lk8p3guh/0i+UjOWFeBA=="},"me":{"id":"6285723701289:3@s.whatsapp.net","name":"AI Is here","jid":"6285723701289@s.whatsapp.net"},"signalIdentities":[{"identifier":{"name":"6285723701289:3@s.whatsapp.net","deviceId":0},"identifierKey":{"type":"Buffer","data":"BXQoIT5zWll3rD4XHlk87PyRwI+uPXWjTNee87wr8GpC"}}],"platform":"smba","lastAccountSyncTimestamp":1713490367,"myAppStateKeyId":"AAAAAGa9"}